{"cameraMode":{"drawMode":0,"name":"Shaded","section":"Shading Mode"},"sceneLighting":true,"audioPlay":false,"sceneViewState":{"showFog":true,"showMaterialUpdate":false,"showSkybox":true,"showFlares":true,"showImageEffects":true,"showParticleSystems":true},"in2DMode":false,"pivot":{"x":-9.58279800415039,"y":1.0963941812515259,"z":2.6148452758789064},"rotation":{"x":0.05885029584169388,"y":0.9180766344070435,"z":-0.14488010108470918,"w":0.3643520176410675},"size":4.06613826751709,"orthographic":false}