{"cameraMode":{"drawMode":0,"name":"Shaded","section":"Shading Mode"},"sceneLighting":true,"audioPlay":false,"sceneViewState":{"showFog":true,"showMaterialUpdate":false,"showSkybox":true,"showFlares":true,"showImageEffects":true,"showParticleSystems":true},"in2DMode":false,"pivot":{"x":-58.04401397705078,"y":-68.43190002441406,"z":70.72260284423828},"rotation":{"x":-0.29314613342285159,"y":0.34322798252105715,"z":-0.11363925039768219,"w":-0.8851533532142639},"size":63.904293060302737,"orthographic":false}