{"cameraMode":{"drawMode":0,"name":"Shaded","section":"Shading Mode"},"sceneLighting":true,"audioPlay":false,"sceneViewState":{"showFog":true,"showMaterialUpdate":false,"showSkybox":true,"showFlares":true,"showImageEffects":true,"showParticleSystems":true},"in2DMode":false,"pivot":{"x":2.140932083129883,"y":0.26082247495651247,"z":3.3894011974334719},"rotation":{"x":-0.27115127444267275,"y":0.03810146823525429,"z":-0.010742295533418656,"w":-0.9617228507995606},"size":11.877066612243653,"orthographic":false}