{"cameraMode":{"drawMode":0,"name":"Shaded","section":"Shading Mode"},"sceneLighting":false,"audioPlay":false,"sceneViewState":{"showFog":true,"showMaterialUpdate":false,"showSkybox":false,"showFlares":true,"showImageEffects":true,"showParticleSystems":true},"in2DMode":false,"pivot":{"x":-0.17135627567768098,"y":-3.356755256652832,"z":0.07090099900960922},"rotation":{"x":0.11955394595861435,"y":0.5050818920135498,"z":-0.07106398046016693,"w":0.8519740104675293},"size":1.2000174522399903,"orthographic":false}