{"cameraMode":{"drawMode":0,"name":"Shaded","section":"Shading Mode"},"sceneLighting":true,"audioPlay":false,"sceneViewState":{"showFog":true,"showMaterialUpdate":false,"showSkybox":true,"showFlares":true,"showImageEffects":true,"showParticleSystems":true},"in2DMode":false,"pivot":{"x":5.919995307922363,"y":0.37716197967529299,"z":22.042686462402345},"rotation":{"x":0.06396723538637161,"y":0.9359809160232544,"z":-0.26916947960853579,"w":0.21797311305999757},"size":10.0,"orthographic":false}