{"cameraMode":{"drawMode":0,"name":"Shaded","section":"Shading Mode"},"sceneLighting":true,"audioPlay":false,"sceneViewState":{"showFog":true,"showMaterialUpdate":false,"showSkybox":true,"showFlares":true,"showImageEffects":true,"showParticleSystems":true},"in2DMode":false,"pivot":{"x":2.503566026687622,"y":-1.499171495437622,"z":6.471818447113037},"rotation":{"x":0.3056233823299408,"y":-0.06973385065793991,"z":0.022212577983736993,"w":0.9494329690933228},"size":7.042466163635254,"orthographic":false}